<?xml version="1.0" encoding="UTF-8"?>
<!-- Generated by eXe - http://exelearning.net -->
<manifest identifier="eXeB2647ee5e627bceb536d1" xmlns="http://www.imsproject.org/xsd/imscp_rootv1p1p2" xmlns:adlcp="http://www.adlnet.org/xsd/adlcp_rootv1p2" xmlns:imsmd="http://www.imsglobal.org/xsd/imsmd_v1p2" xmlns:xsi="http://www.w3.org/2001/XMLSchema-instance" xsi:schemaLocation="http://www.imsproject.org/xsd/imscp_rootv1p1p2 imscp_rootv1p1p2.xsd http://www.imsglobal.org/xsd/imsmd_rootv1p2p1 imsmd_rootv1p2p1.xsd http://www.adlnet.org/xsd/adlcp_rootv1p2 adlcp_rootv1p2.xsd" > 
<metadata> 
 <schema>ADL SCORM</schema> 
 <schemaversion>1.2</schemaversion> 
 <adlcp:location>imslrm.xml</adlcp:location> 
</metadata> 
<organizations default="eXeB2647ee5e627bceb536d2">  
    <organization identifier="eXeB2647ee5e627bceb536d2" structure="hierarchical">
        <title>Consumes o produces.</title>
<item identifier="ITEM-eXeB2647ee5e627bceb536d3" isvisible="true" identifierref="RES-eXeB2647ee5e627bceb536d4">
    <title>Consumes o produces.</title>
<item identifier="ITEM-eXeB2647ee5e627bceb536e5" isvisible="true" identifierref="RES-eXeB2647ee5e627bceb536e6">
    <title>Guia didáctica.</title>
</item>
<item identifier="ITEM-eXeB2647ee5e627bceb536f7" isvisible="true" identifierref="RES-eXeB2647ee5e627bceb536f8">
    <title>Presentación del proyecto.</title>
<item identifier="ITEM-eXeB2647ee5e627bceb53729" isvisible="true" identifierref="RES-eXeB2647ee5e627bceb5372a">
    <title>Trabajar da sus frutos.</title>
</item>
<item identifier="ITEM-eXeB2647ee5e627bceb5373b" isvisible="true" identifierref="RES-eXeB2647ee5e627bceb5373c">
    <title>Herramientas de comunicación.</title>
</item>
<item identifier="ITEM-eXeB2647ee5e627bceb5373d" isvisible="true" identifierref="RES-eXeB2647ee5e627bceb5373e">
    <title>Recursos y trabajos a realizar.</title>
<item identifier="ITEM-eXeB2647ee5e627bceb5374f" isvisible="true" identifierref="RES-eXeB2647ee5e627bceb537410">
    <title>Nos organizamos.</title>
</item>
</item>
<item identifier="ITEM-eXeB2647ee5e627bceb537411" isvisible="true" identifierref="RES-eXeB2647ee5e627bceb537412">
    <title>Herramientas de calificación.</title>
</item>
</item>
<item identifier="ITEM-eXeB2647ee5e627bceb537513" isvisible="true" identifierref="RES-eXeB2647ee5e627bceb537514">
    <title>Créditos.</title>
</item>
</item>
  </organization>
</organizations>
<resources>
  <resource identifier="RES-eXeB2647ee5e627bceb536d4" type="webcontent" adlcp:scormtype="sco" href="index.html"> 
    <file href="index.html"/> 
    <file href="exe_html5.js"/>
    <file href="h18063_a.jpg"/>
    <dependency identifierref="COMMON_FILES"/>
  </resource>
  <resource identifier="RES-eXeB2647ee5e627bceb536e6" type="webcontent" adlcp:scormtype="sco" href="guia_didctica.html"> 
    <file href="guia_didctica.html"/> 
    <file href="exe_html5.js"/>
    <file href="exe_effects.css"/>
    <file href="exe_effects.js"/>
    <dependency identifierref="COMMON_FILES"/>
  </resource>
  <resource identifier="RES-eXeB2647ee5e627bceb536f8" type="webcontent" adlcp:scormtype="sco" href="presentacin_del_proyecto.html"> 
    <file href="presentacin_del_proyecto.html"/> 
    <file href="exe_html5.js"/>
    <file href="exequextaudio.png"/>
    <file href="exequextcursor.gif"/>
    <file href="exequextfull.png"/>
    <file href="exequexthits.png"/>
    <file href="exequextlive.png"/>
    <file href="exequextlost.png"/>
    <file href="exequextmin.png"/>
    <file href="exequextmoveon.png"/>
    <file href="exequextnormal.png"/>
    <file href="exequextnumber.png"/>
    <file href="exequextone.png"/>
    <file href="exequextpause.png"/>
    <file href="exequextplayvideo.png"/>
    <file href="exequextreload.png"/>
    <file href="exequextreply.png"/>
    <file href="exequextrerrors.png"/>
    <file href="exequextrosco.png"/>
    <file href="exequextroscomin.png"/>
    <file href="exequextroscorows.png"/>
    <file href="exequextscore.png"/>
    <file href="exequexttime.png"/>
    <file href="exequexttwo.png"/>
    <file href="exequextvideo.png"/>
    <file href="exequextwon.png"/>
    <file href="rosco-activity.css"/>
    <file href="rosco-activity.js"/>
    <file href="rosco-icon.png"/>
    <file href="roscoHome.png"/>
    <file href="roscoHomeImage.png"/>
    <dependency identifierref="COMMON_FILES"/>
  </resource>
  <resource identifier="RES-eXeB2647ee5e627bceb5372a" type="webcontent" adlcp:scormtype="sco" href="trabajar_da_sus_frutos.html"> 
    <file href="trabajar_da_sus_frutos.html"/> 
    <file href="exe_html5.js"/>
    <file href="exe_effects.css"/>
    <file href="exe_effects.js"/>
    <dependency identifierref="COMMON_FILES"/>
  </resource>
  <resource identifier="RES-eXeB2647ee5e627bceb5373c" type="webcontent" adlcp:scormtype="sco" href="herramientas_de_comunicacin.html"> 
    <file href="herramientas_de_comunicacin.html"/> 
    <file href="exe_html5.js"/>
    <file href="exe_effects.css"/>
    <file href="exe_effects.js"/>
    <dependency identifierref="COMMON_FILES"/>
  </resource>
  <resource identifier="RES-eXeB2647ee5e627bceb5373e" type="webcontent" adlcp:scormtype="sco" href="recursos_y_trabajos_a_realizar.html"> 
    <file href="recursos_y_trabajos_a_realizar.html"/> 
    <file href="exe_html5.js"/>
    <file href="exe_effects.css"/>
    <file href="exe_effects.js"/>
    <dependency identifierref="COMMON_FILES"/>
  </resource>
  <resource identifier="RES-eXeB2647ee5e627bceb537410" type="webcontent" adlcp:scormtype="sco" href="nos_organizamos.html"> 
    <file href="nos_organizamos.html"/> 
    <file href="exe_html5.js"/>
    <dependency identifierref="COMMON_FILES"/>
  </resource>
  <resource identifier="RES-eXeB2647ee5e627bceb537412" type="webcontent" adlcp:scormtype="sco" href="herramientas_de_calificacin.html"> 
    <file href="herramientas_de_calificacin.html"/> 
    <file href="exe_html5.js"/>
    <file href="imagen.png"/>
    <dependency identifierref="COMMON_FILES"/>
  </resource>
  <resource identifier="RES-eXeB2647ee5e627bceb537514" type="webcontent" adlcp:scormtype="sco" href="crditos.html"> 
    <file href="crditos.html"/> 
    <file href="exe_html5.js"/>
    <file href="imagen.1.png"/>
    <file href="B2.elp"/>
    <file href="download-package-licenses.png"/>
    <file href="download-package.css"/>
    <dependency identifierref="COMMON_FILES"/>
  </resource>
  <resource identifier="COMMON_FILES" type="webcontent" adlcp:scormtype="asset">
    <file href="config.xml"/>
    <file href="content.css"/>
    <file href="EncodeSans-Light_latin-ext.woff2"/>
    <file href="EncodeSans-Light_latin.woff2"/>
    <file href="EncodeSans-Light_vietnamese.woff2"/>
    <file href="icon_account.png"/>
    <file href="icon_account_black.png"/>
    <file href="icon_account_white.png"/>
    <file href="icon_alarm.png"/>
    <file href="icon_alarm_black.png"/>
    <file href="icon_alarm_white.png"/>
    <file href="icon_announcement.png"/>
    <file href="icon_announcement_black.png"/>
    <file href="icon_announcement_white.png"/>
    <file href="icon_assessment.png"/>
    <file href="icon_assessment_black.png"/>
    <file href="icon_assessment_white.png"/>
    <file href="icon_assignment.png"/>
    <file href="icon_assignment_black.png"/>
    <file href="icon_assignment_list.png"/>
    <file href="icon_assignment_list_black.png"/>
    <file href="icon_assignment_list_white.png"/>
    <file href="icon_assignment_white.png"/>
    <file href="icon_backup.png"/>
    <file href="icon_backup_black.png"/>
    <file href="icon_backup_white.png"/>
    <file href="icon_camera.png"/>
    <file href="icon_camera_black.png"/>
    <file href="icon_camera_white.png"/>
    <file href="icon_description.png"/>
    <file href="icon_description_black.png"/>
    <file href="icon_description_white.png"/>
    <file href="icon_download.png"/>
    <file href="icon_download_black.png"/>
    <file href="icon_download_white.png"/>
    <file href="icon_event.png"/>
    <file href="icon_event_black.png"/>
    <file href="icon_event_white.png"/>
    <file href="icon_exit.png"/>
    <file href="icon_exit_black.png"/>
    <file href="icon_exit_white.png"/>
    <file href="icon_explore.png"/>
    <file href="icon_explore_black.png"/>
    <file href="icon_explore_white.png"/>
    <file href="icon_info.png"/>
    <file href="icon_info_black.png"/>
    <file href="icon_info_white.png"/>
    <file href="icon_media.png"/>
    <file href="icon_media_black.png"/>
    <file href="icon_media_white.png"/>
    <file href="icon_note.png"/>
    <file href="icon_note_black.png"/>
    <file href="icon_note_white.png"/>
    <file href="icon_puzzle.png"/>
    <file href="icon_puzzle_black.png"/>
    <file href="icon_puzzle_white.png"/>
    <file href="icon_question.png"/>
    <file href="icon_question_black.png"/>
    <file href="icon_question_white.png"/>
    <file href="icon_renew.png"/>
    <file href="icon_renew_black.png"/>
    <file href="icon_renew_white.png"/>
    <file href="icon_search.png"/>
    <file href="icon_search_black.png"/>
    <file href="icon_search_white.png"/>
    <file href="icon_star.png"/>
    <file href="icon_star_black.png"/>
    <file href="icon_star_white.png"/>
    <file href="icon_unread.png"/>
    <file href="icon_unread_black.png"/>
    <file href="icon_unread_white.png"/>
    <file href="icon_wifi.png"/>
    <file href="icon_wifi_black.png"/>
    <file href="icon_wifi_white.png"/>
    <file href="nav.css"/>
    <file href="_style_icons.png"/>
    <file href="_style_icons_black.png"/>
    <file href="_style_icons_white.png"/>
    <file href="_style_input_checkbox.png"/>
    <file href="_style_input_radio.png"/>
    <file href="_style_js.js"/>
    <file href="_style_licenses.png"/>
    <file href="base.css"/>
    <file href="popup_bg.gif"/>
    <file href="exe_powered_logo.png"/>
    <file href="SCORM_API_wrapper.js"/>
    <file href="SCOFunctions.js"/>
    <file href="common.js"/>
    <file href="common_i18n.js"/>
    <file href="exe_jquery.js"/>
    <file href="content.xsd"/>
    <file href="content.data"/>
    <file href="contentv3.xml"/>
    <file href="imslrm.xml"/>
  </resource>
</resources>
</manifest>
